{"cameraMode":{"drawMode":0,"name":"Shaded","section":"Shading Mode"},"sceneLighting":true,"audioPlay":false,"sceneViewState":{"m_AlwaysRefresh":false,"showFog":true,"showSkybox":true,"showFlares":true,"showImageEffects":true,"showParticleSystems":true,"showVisualEffectGraphs":true,"m_FxEnabled":true},"in2DMode":false,"pivot":{"x":-47.57024383544922,"y":268.58502197265627,"z":-29.539413452148439},"rotation":{"x":-0.24673637747764588,"y":0.002036904916167259,"z":-0.0005068422178737819,"w":-0.9690910577774048},"size":855.9390869140625,"orthographic":false}