{"cameraMode":{"drawMode":0,"name":"Shaded","section":"Shading Mode"},"sceneLighting":true,"audioPlay":false,"sceneViewState":{"m_AlwaysRefresh":false,"showFog":true,"showSkybox":true,"showFlares":true,"showImageEffects":true,"showParticleSystems":true,"showVisualEffectGraphs":true,"m_FxEnabled":true},"in2DMode":false,"pivot":{"x":338.52459716796877,"y":25.014028549194337,"z":132.2047119140625},"rotation":{"x":-0.3024599850177765,"y":0.10750669240951538,"z":-0.03434392809867859,"w":-0.9464676976203919},"size":57.288822174072269,"orthographic":false}