{"cameraMode":{"drawMode":0,"name":"Shaded","section":"Shading Mode"},"sceneLighting":true,"audioPlay":false,"sceneViewState":{"m_AlwaysRefresh":false,"showFog":true,"showSkybox":true,"showFlares":true,"showImageEffects":true,"showParticleSystems":true,"showVisualEffectGraphs":true,"m_FxEnabled":true},"in2DMode":false,"pivot":{"x":341.0076599121094,"y":11.617655754089356,"z":123.11138153076172},"rotation":{"x":-0.3962239623069763,"y":0.12254683673381806,"z":-0.05346410349011421,"w":-0.9083815813064575},"size":20.806840896606447,"orthographic":false}